{
    "loss": 7.327981472015381,
    "accuracy": 0.5086206793785095
}